{"entity.lightning_bolt.thunder":{"sounds":[{"name":"ambient\/weather\/thunder1","volume":0.05},{"name":"ambient\/weather\/thunder2","volume":0.05},{"name":"ambient\/weather\/thunder3","volume":0.05}],"replace":true,"subtitle":"subtitles.entity.lightning_bolt.thunder"},"item.trident.thunder":{"sounds":[{"name":"item\/trident\/thunder1","volume":0.05},{"name":"item\/trident\/thunder2","volume":0.05}],"replace":true,"subtitle":"subtitles.item.trident.thunder"},"block.sculk_shrieker.break":{"sounds":[{"name":"block\/sculk_shrieker\/break1","volume":0.045},{"name":"block\/sculk_shrieker\/break2","volume":0.045},{"name":"block\/sculk_shrieker\/break3","volume":0.045},{"name":"block\/sculk_shrieker\/break4","volume":0.045},{"name":"block\/sculk_shrieker\/break5","volume":0.045},{"name":"block\/sculk_shrieker\/break6","volume":0.045}],"replace":true,"subtitle":"subtitles.block.generic.break"},"block.sculk_shrieker.fall":{"sounds":[{"name":"block\/sculk\/step1","volume":0.05},{"name":"block\/sculk\/step2","volume":0.05},{"name":"block\/sculk\/step3","volume":0.05},{"name":"block\/sculk\/step4","volume":0.05},{"name":"block\/sculk\/step5","volume":0.05},{"name":"block\/sculk\/step6","volume":0.05}],"replace":true},"block.sculk_shrieker.hit":{"sounds":[{"name":"block\/sculk\/step1","volume":0.05},{"name":"block\/sculk\/step2","volume":0.05},{"name":"block\/sculk\/step3","volume":0.05},{"name":"block\/sculk\/step4","volume":0.05},{"name":"block\/sculk\/step5","volume":0.05},{"name":"block\/sculk\/step6","volume":0.05}],"replace":true,"subtitle":"subtitles.block.generic.hit"},"block.sculk_shrieker.place":{"sounds":[{"name":"block\/sculk_shrieker\/place1","volume":0.045},{"name":"block\/sculk_shrieker\/place2","volume":0.045},{"name":"block\/sculk_shrieker\/place3","volume":0.045},{"name":"block\/sculk_shrieker\/place4","volume":0.045},{"name":"block\/sculk_shrieker\/place5","volume":0.045}],"replace":true,"subtitle":"subtitles.block.generic.place"},"block.sculk_shrieker.shriek":{"sounds":[{"name":"block\/sculk_shrieker\/shriek1","volume":0.0425},{"name":"block\/sculk_shrieker\/shriek2","volume":0.0425},{"name":"block\/sculk_shrieker\/shriek3","volume":0.0425},{"name":"block\/sculk_shrieker\/shriek4","volume":0.0425},{"name":"block\/sculk_shrieker\/shriek5","volume":0.0425}],"replace":true,"subtitle":"subtitles.block.sculk_shrieker.shriek"},"block.sculk_shrieker.step":{"sounds":[{"name":"block\/sculk\/step1","volume":0.05},{"name":"block\/sculk\/step2","volume":0.05},{"name":"block\/sculk\/step3","volume":0.05},{"name":"block\/sculk\/step4","volume":0.05},{"name":"block\/sculk\/step5","volume":0.05},{"name":"block\/sculk\/step6","volume":0.05}],"replace":true,"subtitle":"subtitles.block.generic.footsteps"},"block.portal.ambient":{"sounds":[{"attenuation_distance":10,"name":"portal\/portal","volume":0.05}],"replace":true,"subtitle":"subtitles.block.portal.ambient"},"block.portal.travel":{"sounds":[{"name":"portal\/travel","volume":0.05}],"replace":true},"block.portal.trigger":{"sounds":[{"name":"portal\/trigger","volume":0.05}],"replace":true,"subtitle":"subtitles.block.portal.trigger"},"entity.player.burp":{"sounds":[{"name":"random\/burp","volume":0.05}],"replace":true,"subtitle":"subtitles.entity.player.burp"},"entity.generic.drink":{"sounds":[{"name":"random\/drink","volume":0.05}],"replace":true,"subtitle":"subtitles.entity.generic.drink"},"entity.generic.eat":{"sounds":[{"name":"random\/eat1","volume":0.05},{"name":"random\/eat2","volume":0.05},{"name":"random\/eat3","volume":0.05}],"replace":true,"subtitle":"subtitles.entity.generic.eat"},"entity.minecart.inside":{"sounds":[{"name":"minecart\/inside","volume":0.05}],"replace":true},"entity.minecart.inside.underwater":{"sounds":[{"name":"minecart\/inside_underwater1","volume":0.05},{"name":"minecart\/inside_underwater2","volume":0.05},{"name":"minecart\/inside_underwater3","volume":0.05}],"replace":true},"entity.minecart.riding":{"sounds":[{"name":"minecart\/base","volume":0.05}],"replace":true,"subtitle":"subtitles.entity.minecart.riding"},"block.dispenser.dispense":{"sounds":[{"name":"random\/click","volume":0.05}],"replace":true,"subtitle":"subtitles.block.dispenser.dispense"},"block.dispenser.fail":{"sounds":[{"name":"random\/click","volume":0.05}],"replace":true,"subtitle":"subtitles.block.dispenser.fail"},"block.dispenser.launch":{"sounds":[{"name":"random\/bow","volume":0.05}],"replace":true,"subtitle":"subtitles.block.dispenser.dispense"}}